<?xml version="1.0" encoding="UTF-8"?>
<!DOCTYPE plist PUBLIC "-//Apple//DTD PLIST 1.0//EN" "http://www.apple.com/DTDs/PropertyList-1.0.dtd">
<plist version="1.0">
<array>
	<dict>
		<key>AudioList</key>
		<array>
			<dict>
				<key>AudioBitrate</key>
				<string>128</string>
				<key>AudioEncoder</key>
				<string>AAC (CoreAudio)</string>
				<key>AudioMixdown</key>
				<string>Stereo</string>
				<key>AudioSamplerate</key>
				<string>Auto</string>
				<key>AudioTrack</key>
				<integer>1</integer>
				<key>AudioTrackDRCSlider</key>
				<real>0.0</real>
				<key>AudioTrackDescription</key>
				<string>0: English (AAC) (2.0 ch)</string>
			</dict>
		</array>
		<key>ChapterMarkers</key>
		<integer>0</integer>
		<key>Default</key>
		<integer>0</integer>
		<key>FileFormat</key>
		<string>MP4 file</string>
		<key>Folder</key>
		<false/>
		<key>Mp4HttpOptimize</key>
		<integer>1</integer>
		<key>Mp4LargeFile</key>
		<integer>0</integer>
		<key>Mp4iPodCompatible</key>
		<integer>0</integer>
		<key>PictureAutoCrop</key>
		<integer>1</integer>
		<key>PictureBottomCrop</key>
		<integer>0</integer>
		<key>PictureDeblock</key>
		<integer>6</integer>
		<key>PictureDecomb</key>
		<integer>2</integer>
		<key>PictureDecombCustom</key>
		<string></string>
		<key>PictureDecombDeinterlace</key>
		<integer>1</integer>
		<key>PictureDeinterlace</key>
		<integer>0</integer>
		<key>PictureDeinterlaceCustom</key>
		<string></string>
		<key>PictureDenoise</key>
		<integer>3</integer>
		<key>PictureDenoiseCustom</key>
		<string></string>
		<key>PictureDetelecine</key>
		<integer>2</integer>
		<key>PictureDetelecineCustom</key>
		<string></string>
		<key>PictureHeight</key>
		<integer>0</integer>
		<key>PictureKeepRatio</key>
		<integer>1</integer>
		<key>PictureLeftCrop</key>
		<integer>0</integer>
		<key>PictureModulus</key>
		<integer>16</integer>
		<key>PicturePAR</key>
		<integer>0</integer>
		<key>PictureRightCrop</key>
		<integer>0</integer>
		<key>PictureTopCrop</key>
		<integer>0</integer>
		<key>PictureWidth</key>
		<integer>1280</integer>
		<key>PresetBuildNumber</key>
		<string>20120210</string>
		<key>PresetDescription</key>
		<string>1280px wide 1800kbps total including stereo audio</string>
		<key>PresetName</key>
		<string>UNL1280_v3</string>
		<key>Type</key>
		<integer>1</integer>
		<key>UsesMaxPictureSettings</key>
		<integer>0</integer>
		<key>UsesPictureFilters</key>
		<integer>1</integer>
		<key>UsesPictureSettings</key>
		<integer>1</integer>
		<key>VideoAvgBitrate</key>
		<string>1672</string>
		<key>VideoEncoder</key>
		<string>H.264 (x264)</string>
		<key>VideoFramerate</key>
		<string>Same as source</string>
		<key>VideoFrameratePFR</key>
		<integer>0</integer>
		<key>VideoGrayScale</key>
		<integer>0</integer>
		<key>VideoQualitySlider</key>
		<real>20</real>
		<key>VideoQualityType</key>
		<integer>1</integer>
		<key>VideoTargetSize</key>
		<string>1672</string>
		<key>VideoTurboTwoPass</key>
		<integer>0</integer>
		<key>VideoTwoPass</key>
		<integer>1</integer>
		<key>x264Option</key>
		<string>ref=2:bframes=2:subq=6:mixed-refs=0:weightb=0:8x8dct=0:trellis=0</string>
	</dict>
</array>
</plist>
